JobID,rep,exec_id,j1,j2,j3,j4,j5,j6,j7,j8,j9,j10
0,1,0,job_1591902930887_0310,job_1591902930887_0142,job_1591902930887_0146,job_1591902930887_0139,job_1591902930887_0148,job_1591902930887_0156,job_1591902930887_0153,job_1591902930887_0154,job_1591902930887_0151,job_1591902930887_0155
2,1,1,job_1591902930887_0329,job_1591902930887_0158,job_1591902930887_0159,job_1591902930887_0157,job_1591902930887_0162,job_1591902930887_0168,job_1591902930887_0167,job_1591902930887_0172,job_1591902930887_0166,job_1591902930887_0171
1,1,0,job_1591902930887_0300,job_1591902930887_0138,job_1591902930887_0140,job_1591902930887_0137,job_1591902930887_0141,job_1591902930887_0150,job_1591902930887_0145,job_1591902930887_0147,job_1591902930887_0144,job_1591902930887_0149
3,1,1,job_1591902930887_0336,job_1591902930887_0161,job_1591902930887_0163,job_1591902930887_0160,job_1591902930887_0165,job_1591902930887_0174,job_1591902930887_0173,job_1591902930887_0176,job_1591902930887_0170,job_1591902930887_0175
4,1,2,job_1591902930887_0344,job_1591902930887_0179,job_1591902930887_0180,job_1591902930887_0177,job_1591902930887_0182,job_1591902930887_0181,job_1591902930887_0183,job_1591902930887_0184,job_1591902930887_0185,job_1591902930887_0186
5,1,3,job_1591902930887_0371,job_1591902930887_0188,job_1591902930887_0190,job_1591902930887_0189,job_1591902930887_0191,job_1591902930887_0192,job_1591902930887_0193,job_1591902930887_0195,job_1591902930887_0207,job_1591902930887_0210
6,1,4,job_1591902930887_0374,job_1591902930887_0196,job_1591902930887_0198,job_1591902930887_0197,job_1591902930887_0199,job_1591902930887_0200,job_1591902930887_0202,job_1591902930887_0203,job_1591902930887_0213,job_1591902930887_0214
7,1,5,job_1591902930887_0376,job_1591902930887_0204,job_1591902930887_0205,job_1591902930887_0206,job_1591902930887_0208,job_1591902930887_0209,job_1591902930887_0211,job_1591902930887_0212,job_1591902930887_0215,job_1591902930887_0216
0,2,6,job_1591902930887_0230,job_1591902930887_0233,job_1591902930887_0235,job_1591902930887_0232,job_1591902930887_0228,job_1591902930887_0231,job_1591902930887_0236,job_1591902930887_0234,job_1591902930887_0227,job_1591902930887_0229
2,2,7,job_1591902930887_0242,job_1591902930887_0244,job_1591902930887_0252,job_1591902930887_0241,job_1591902930887_0238,job_1591902930887_0240,job_1591902930887_0248,job_1591902930887_0246,job_1591902930887_0237,job_1591902930887_0239
1,2,6,job_1591902930887_0220,job_1591902930887_0223,job_1591902930887_0225,job_1591902930887_0221,job_1591902930887_0218,job_1591902930887_0222,job_1591902930887_0226,job_1591902930887_0224,job_1591902930887_0217,job_1591902930887_0219
3,2,7,job_1591902930887_0251,job_1591902930887_0253,job_1591902930887_0256,job_1591902930887_0250,job_1591902930887_0245,job_1591902930887_0249,job_1591902930887_0254,job_1591902930887_0255,job_1591902930887_0243,job_1591902930887_0247
4,2,8,job_1591902930887_0258,job_1591902930887_0259,job_1591902930887_0261,job_1591902930887_0257,job_1591902930887_0260,job_1591902930887_0262,job_1591902930887_0263,job_1591902930887_0264,job_1591902930887_0265,job_1591902930887_0266
5,2,9,job_1591902930887_0267,job_1591902930887_0268,job_1591902930887_0270,job_1591902930887_0269,job_1591902930887_0271,job_1591902930887_0276,job_1591902930887_0278,job_1591902930887_0287,job_1591902930887_0289,job_1591902930887_0291
6,2,10,job_1591902930887_0272,job_1591902930887_0273,job_1591902930887_0275,job_1591902930887_0274,job_1591902930887_0277,job_1591902930887_0283,job_1591902930887_0285,job_1591902930887_0290,job_1591902930887_0292,job_1591902930887_0294
7,2,11,job_1591902930887_0279,job_1591902930887_0280,job_1591902930887_0282,job_1591902930887_0281,job_1591902930887_0284,job_1591902930887_0286,job_1591902930887_0288,job_1591902930887_0293,job_1591902930887_0295,job_1591902930887_0296
0,3,12,job_1591902930887_0315,job_1591902930887_0314,job_1591902930887_0309,job_1591902930887_0316,job_1591902930887_0308,job_1591902930887_0307,job_1591902930887_0311,job_1591902930887_0313,job_1591902930887_0312,job_1591902930887_0310
2,3,13,job_1591902930887_0326,job_1591902930887_0325,job_1591902930887_0319,job_1591902930887_0327,job_1591902930887_0318,job_1591902930887_0317,job_1591902930887_0322,job_1591902930887_0320,job_1591902930887_0324,job_1591902930887_0329
1,3,12,job_1591902930887_0306,job_1591902930887_0304,job_1591902930887_0299,job_1591902930887_0305,job_1591902930887_0298,job_1591902930887_0297,job_1591902930887_0301,job_1591902930887_0303,job_1591902930887_0302,job_1591902930887_0300
3,3,13,job_1591902930887_0331,job_1591902930887_0330,job_1591902930887_0328,job_1591902930887_0334,job_1591902930887_0323,job_1591902930887_0321,job_1591902930887_0333,job_1591902930887_0332,job_1591902930887_0335,job_1591902930887_0336
4,3,14,job_1591902930887_0337,job_1591902930887_0340,job_1591902930887_0339,job_1591902930887_0341,job_1591902930887_0338,job_1591902930887_0343,job_1591902930887_0342,job_1591902930887_0345,job_1591902930887_0347,job_1591902930887_0344
5,3,15,job_1591902930887_0346,job_1591902930887_0348,job_1591902930887_0349,job_1591902930887_0350,job_1591902930887_0354,job_1591902930887_0352,job_1591902930887_0355,job_1591902930887_0368,job_1591902930887_0370,job_1591902930887_0371
6,3,16,job_1591902930887_0351,job_1591902930887_0353,job_1591902930887_0357,job_1591902930887_0356,job_1591902930887_0361,job_1591902930887_0360,job_1591902930887_0364,job_1591902930887_0369,job_1591902930887_0373,job_1591902930887_0374
7,3,17,job_1591902930887_0358,job_1591902930887_0359,job_1591902930887_0363,job_1591902930887_0362,job_1591902930887_0366,job_1591902930887_0365,job_1591902930887_0367,job_1591902930887_0372,job_1591902930887_0375,job_1591902930887_0376
